step,reward_decomposition/total_token_score_sum_mean,reward_decomposition/search_reward_sum_mean,reward_decomposition/answer_reward_sum_mean,reward_decomposition/invalid_search_count_mean,ppo_chain/token_level_scores_mean,ppo_chain/token_level_rewards_mean,ppo_chain/advantages_mean,actor/pg_loss,actor/ppo_kl,actor/entropy_loss,critic/vf_loss,critic/vf_explained_var,critic/kl,env/number_of_actions/mean,env/number_of_valid_search,env/finish_ratio,response_length/mean,response_length/clip_ratio,val/test_score/nq,val/test_score/hotpotqa
0,,,,,,,,,,,,,,,,,,,0.02,0.02
1,-1.375,-0.375,0.0,0.5,-0.003,-0.003,-0.012,0.015,0.0,2.125,10.004,-70.4,-0.004,3.0,1.5,0.0,485.5,0.5,,
2,-0.925,-0.425,0.0,0.5,-0.002,-0.002,-0.033,0.043,0.0,1.59,11.807,-68.06,0.001,3.0,1.0,0.0,422.5,0.5,,
3,-0.2,-0.2,0.0,0.0,-0.0,-0.0,-0.001,-0.001,-0.002,2.359,5.309,-1218.466,-0.001,3.0,1.0,0.0,504.0,0.5,,
4,-0.85,-0.35,0.0,0.5,-0.002,-0.002,0.002,0.009,0.002,1.224,4.692,-32.021,0.002,3.0,0.0,0.0,458.5,0.5,,
5,-0.425,-0.425,0.0,0.0,-0.001,-0.001,-0.112,-0.016,-0.0,0.948,3.798,-162.092,-0.0,3.0,0.5,0.0,438.0,0.5,,
6,-0.425,-0.425,0.0,0.0,-0.001,-0.001,0.004,-0.005,-0.003,1.061,1.359,-79.517,-0.001,3.0,0.5,0.0,388.0,0.5,,
7,-0.3,-0.3,0.0,0.0,-0.001,-0.001,-0.012,0.004,0.0,1.478,1.281,-149.79,-0.001,3.0,0.0,0.0,467.0,0.5,,
8,-0.8,-0.3,0.0,0.0,-0.002,-0.002,0.073,0.026,0.0,0.979,1.536,-9.807,0.0,3.0,0.0,0.0,442.5,0.5,,
9,-0.375,-0.375,0.0,0.0,-0.001,-0.001,0.025,0.002,0.0,1.683,1.005,-49.788,-0.002,3.0,1.0,0.0,476.0,0.5,,
10,0.125,-0.375,0.5,0.0,0.0,0.0,-0.017,-0.011,0.002,1.821,0.832,-19.522,-0.0,3.0,0.5,0.5,490.0,0.5,,
11,-0.7,-0.2,0.0,0.0,-0.001,-0.001,0.0,0.001,-0.002,1.763,1.026,-12.326,0.003,3.0,1.0,0.0,512.0,1.0,,
12,-1.2,-0.2,0.0,0.0,-0.002,-0.002,-0.0,0.001,-0.002,1.609,0.638,-7.139,0.0,3.0,1.0,0.0,512.0,1.0,,
13,-0.3,-0.3,0.0,0.0,-0.001,-0.001,-0.03,0.015,-0.0,1.645,0.461,-33.843,0.004,3.0,1.0,0.0,449.0,0.5,,
14,-0.75,-0.25,0.0,0.0,-0.001,-0.001,0.0,-0.001,0.001,1.695,0.577,-2.68,-0.008,3.0,0.5,0.0,512.0,1.0,,
15,-0.25,-0.25,0.0,0.0,-0.0,-0.0,-0.113,0.032,-0.0,1.654,0.637,-29.934,-0.009,3.0,0.5,0.0,464.5,0.5,,
16,-0.25,-0.25,0.0,0.0,-0.001,-0.001,-0.04,0.004,-0.001,1.673,0.22,-29.8,0.006,3.0,0.5,0.0,433.5,0.5,,
17,-0.925,-0.425,0.0,0.0,-0.002,-0.002,0.089,0.068,-0.001,1.387,0.497,-0.763,0.0,3.0,0.5,0.0,443.5,0.5,,
18,-1.225,-0.225,0.0,0.5,-0.002,-0.002,0.063,-0.099,-0.001,1.439,0.449,-1.406,-0.001,3.0,0.5,0.0,449.5,0.5,,
19,-0.95,-0.45,0.0,0.5,-0.002,-0.002,-0.061,0.086,0.0,2.084,0.6,-0.1,0.001,3.0,1.5,0.0,466.0,0.5,,
20,-0.25,-0.25,0.0,0.0,-0.0,-0.0,0.0,-0.003,-0.002,2.134,0.92,-49.972,-0.004,3.0,1.0,0.0,512.0,1.0,,
21,-0.8,-0.3,0.0,0.0,-0.002,-0.002,-0.004,-0.071,-0.001,1.136,0.533,-0.382,-0.005,3.0,0.0,0.0,439.5,0.5,,
22,-0.8,-0.3,0.0,0.5,-0.002,-0.002,0.0,0.001,-0.002,2.196,0.757,-0.328,0.0,3.0,1.0,0.0,512.0,1.0,,
23,-0.875,-0.375,0.0,0.0,-0.002,-0.002,0.007,0.001,0.0,1.755,0.218,-0.4,-0.006,3.0,1.0,0.0,509.5,0.5,,
24,-0.25,-0.25,0.0,0.0,-0.0,-0.0,0.0,0.0,0.004,1.395,0.221,-5.434,0.005,3.0,0.5,0.0,512.0,1.0,,
25,-0.25,-0.25,0.0,0.0,-0.0,-0.0,-0.117,0.071,0.004,1.622,0.099,-2.814,0.006,3.0,0.5,0.0,415.0,0.5,,
26,-0.25,-0.25,0.0,0.0,-0.0,-0.0,-0.0,0.0,0.003,2.339,0.193,-5.593,0.025,3.0,1.0,0.0,512.0,1.0,,
27,-0.25,-0.25,0.0,0.0,-0.0,-0.0,0.186,0.062,0.003,1.669,0.073,-1.822,-0.006,3.0,0.5,0.5,440.5,0.5,,
28,-0.9,-0.4,0.0,1.0,-0.002,-0.002,-0.0,-0.0,0.003,1.877,0.348,-0.034,0.01,3.0,0.5,0.0,512.0,1.0,,
29,-0.8,-0.3,0.0,0.0,-0.002,-0.002,-0.006,-0.007,0.004,1.328,0.243,0.042,0.02,3.0,0.0,0.0,399.0,0.5,,
30,-0.25,-0.25,0.0,0.0,-0.0,-0.0,-0.333,0.049,0.003,1.315,0.099,-0.661,0.013,3.0,0.5,0.0,459.5,0.5,,
31,-0.675,-0.175,0.0,0.0,-0.001,-0.001,0.171,0.195,0.003,1.674,0.169,-0.024,0.013,2.5,0.5,0.5,415.5,0.5,,
32,-0.3,-0.3,0.0,0.0,-0.001,-0.001,-0.002,0.003,0.004,1.193,0.057,-1.012,0.007,3.0,0.0,0.0,490.5,0.5,,
33,-0.275,-0.275,0.0,0.0,-0.001,-0.001,-0.445,0.021,0.003,2.038,0.133,-0.019,0.002,3.0,1.5,0.0,456.0,0.5,,
34,-0.175,-0.175,0.0,0.0,-0.0,-0.0,-0.638,-0.233,-0.002,1.641,0.055,0.003,-0.004,2.5,0.5,0.5,372.0,0.5,,
35,-0.75,-0.25,0.0,1.0,-0.002,-0.002,0.225,-0.099,0.008,1.375,0.282,0.166,0.033,3.0,0.0,0.0,359.0,0.5,,
36,-0.3,-0.3,0.0,0.0,-0.001,-0.001,0.137,-0.013,-0.002,1.513,0.036,0.211,0.019,3.0,0.5,0.0,421.0,0.5,,
37,-0.8,-0.3,0.0,0.5,-0.002,-0.002,0.0,0.002,-0.002,1.876,0.13,-0.035,0.01,3.0,1.0,0.0,512.0,1.0,,
38,-0.25,-0.25,0.0,0.0,-0.0,-0.0,-0.737,0.018,-0.001,1.456,0.197,-0.094,0.031,3.0,0.5,0.0,435.5,0.5,,
39,-0.25,-0.25,0.0,0.0,-0.0,-0.0,-0.0,-0.003,0.0,1.923,0.029,-0.348,0.023,3.0,1.0,0.0,512.0,1.0,,
40,-0.25,-0.25,0.0,0.0,-0.0,-0.0,0.483,0.035,-0.007,1.321,0.053,-0.061,0.029,3.0,0.5,0.0,412.5,0.5,,
41,-0.25,-0.25,0.0,0.0,-0.0,-0.0,0.055,-0.002,-0.001,1.576,0.036,0.096,0.019,3.0,0.5,0.0,454.0,0.5,,
42,-0.25,-0.25,0.0,0.0,-0.0,-0.0,-0.414,0.007,-0.001,1.577,0.107,0.103,0.009,3.0,0.5,0.0,459.0,0.5,,
43,-0.25,-0.25,0.0,0.0,-0.0,-0.0,-0.409,0.056,-0.004,1.711,0.031,0.092,0.009,3.0,0.5,0.0,395.5,0.5,,
44,-0.25,-0.25,0.0,0.0,-0.0,-0.0,0.758,0.012,-0.0,1.359,0.067,0.392,0.028,3.0,0.5,0.0,406.0,0.5,,
45,-0.25,-0.25,0.0,0.0,-0.0,-0.0,0.0,-0.005,-0.0,1.87,0.018,0.478,0.009,3.0,1.0,0.0,512.0,1.0,,
46,-0.9,-0.4,0.0,1.0,-0.002,-0.002,-0.0,0.004,0.002,1.816,0.19,0.189,-0.001,3.0,0.5,0.0,512.0,1.0,,
47,-0.3,-0.3,0.0,0.0,-0.001,-0.001,-0.239,-0.022,-0.0,1.019,0.209,0.099,0.009,3.0,0.0,0.0,465.5,0.5,,
48,-0.3,-0.3,0.0,0.0,-0.001,-0.001,0.0,-0.001,-0.003,1.297,0.035,0.267,0.018,3.0,0.0,0.0,462.0,1.0,,
49,-0.8,-0.3,0.0,0.5,-0.002,-0.002,0.067,0.046,0.001,2.067,0.301,0.179,0.028,3.0,0.5,0.0,483.5,0.5,,
50,-0.3,-0.3,0.0,0.0,-0.001,-0.001,0.215,0.075,-0.003,1.67,0.026,0.345,0.023,3.0,1.0,0.0,467.5,0.5,0.0,0.02
51,-0.375,-0.375,0.0,0.0,-0.001,-0.001,-0.361,0.229,-0.0,1.597,0.081,0.234,0.023,3.0,1.0,0.0,409.0,0.5,,
52,-0.475,-0.475,0.0,0.0,-0.001,-0.001,-0.061,0.013,0.002,1.098,0.042,0.226,0.02,3.0,1.0,0.0,470.0,0.5,,
53,-0.25,-0.25,0.0,0.0,-0.0,-0.001,0.0,-0.001,-0.0,1.407,0.036,0.375,0.046,3.0,0.5,0.0,512.0,1.0,,
54,-1.0,-0.5,0.0,1.0,-0.002,-0.002,0.276,0.21,0.003,1.4,0.72,0.041,0.017,3.0,0.0,0.0,374.5,0.5,,
55,-0.25,-0.25,0.0,0.0,-0.0,-0.001,0.117,0.007,0.001,1.666,0.054,0.337,0.042,3.0,0.5,0.0,496.0,0.5,,
56,-0.25,-0.25,0.0,0.0,-0.0,-0.0,-0.377,0.034,0.003,1.455,0.061,0.294,0.012,3.0,0.5,0.0,429.0,0.5,,
57,-0.3,-0.3,0.0,0.0,-0.001,-0.001,-0.47,0.006,0.002,1.198,0.052,0.257,0.042,3.0,0.0,0.0,381.5,0.5,,
58,-0.3,-0.3,0.0,0.0,-0.001,-0.001,-0.001,-0.026,0.002,1.287,0.007,0.262,0.041,3.0,0.0,0.0,432.5,0.5,,
59,-0.25,-0.25,0.0,0.0,-0.0,-0.0,-0.048,0.029,0.008,1.696,0.008,0.239,0.022,3.0,0.5,0.0,446.5,0.5,,
60,-0.75,-0.25,0.0,0.0,-0.001,-0.001,0.034,0.047,0.006,1.533,0.154,0.18,0.073,3.0,0.5,0.0,485.0,0.5,,
61,-0.25,-0.25,0.0,0.0,-0.0,-0.001,-0.488,0.063,0.005,1.328,0.037,0.424,0.087,3.0,0.5,0.0,432.0,0.5,,
62,-0.05,-0.05,0.0,0.0,-0.0,-0.0,-0.052,-0.013,0.01,1.154,0.021,-3.686,0.031,2.0,0.0,1.0,255.0,0.5,,
63,-0.25,-0.25,0.0,0.0,-0.0,-0.0,0.765,-0.057,0.007,1.665,0.238,0.041,0.007,3.0,0.5,0.0,454.0,0.5,,
64,-0.25,-0.25,0.0,0.0,-0.0,-0.001,0.468,0.04,0.004,1.552,0.101,0.544,0.059,3.0,0.5,0.5,473.0,0.5,,
65,-0.2,-0.2,0.0,0.0,-0.0,-0.0,-0.004,0.002,0.005,2.117,0.033,-0.06,0.053,3.0,1.0,0.0,509.5,0.5,,
66,-0.3,-0.3,0.0,0.0,-0.001,-0.001,-0.542,-0.051,0.007,1.103,0.032,0.535,0.048,3.0,0.0,0.5,365.5,0.5,,
67,-0.25,-0.25,0.0,0.0,-0.0,-0.001,0.008,0.079,0.002,1.445,0.04,0.605,0.048,3.0,0.5,0.0,420.0,0.5,,
68,-0.125,-0.125,0.0,0.0,-0.0,-0.0,1.256,-0.256,0.013,1.706,0.08,0.002,0.055,2.5,0.5,0.5,373.5,0.5,,
69,-0.2,-0.2,0.0,0.0,-0.0,-0.0,0.0,-0.002,0.0,1.856,0.038,0.589,0.067,3.0,1.0,0.0,512.0,1.0,,
70,-0.225,-0.225,0.0,0.0,-0.001,-0.001,-0.169,-0.251,0.008,1.241,0.045,-0.044,0.107,2.5,0.5,0.5,288.5,0.5,,
71,-0.75,-0.25,0.0,0.0,-0.001,-0.002,-0.035,-0.046,0.005,1.398,0.076,0.032,0.075,3.0,0.5,0.0,481.0,0.5,,
72,-0.3,-0.3,0.0,0.0,-0.001,-0.001,-1.24,-0.04,-0.001,1.353,0.109,0.573,0.069,3.0,0.0,0.0,403.0,0.5,,
73,-0.25,-0.25,0.0,0.0,-0.0,-0.001,-0.153,0.04,0.006,1.69,0.01,0.58,0.062,3.0,0.5,0.0,480.0,0.5,,
74,-0.175,-0.175,0.0,0.0,-0.001,-0.001,0.28,-0.161,0.003,0.972,0.043,-0.125,0.086,2.5,0.0,0.5,281.0,0.5,,
75,-0.675,-0.175,0.0,0.5,-0.001,-0.001,0.251,0.209,0.009,1.454,0.231,0.158,0.018,2.5,0.5,0.5,410.5,0.5,,
76,0.325,-0.175,0.5,0.0,0.001,0.001,-0.266,-0.327,0.013,0.937,0.63,-0.183,0.075,2.5,0.0,0.5,374.5,0.5,,
77,-0.125,-0.125,0.0,0.0,-0.0,-0.0,-1.762,-0.304,0.017,1.362,0.13,0.109,0.058,2.5,0.5,0.5,364.0,0.5,,
78,-0.75,-0.25,0.0,0.0,-0.001,-0.001,0.053,0.146,-0.001,1.587,0.265,0.161,0.077,3.0,0.5,0.5,437.0,0.5,,
79,-0.3,-0.3,0.0,0.0,-0.001,-0.001,0.651,0.03,0.003,0.907,0.086,0.656,0.083,3.0,0.0,0.0,337.5,0.5,,
80,-0.8,-0.3,0.0,0.5,-0.002,-0.002,0.218,0.195,0.009,1.531,0.337,0.164,0.087,3.0,0.5,0.0,417.5,0.5,,
81,-0.3,-0.3,0.0,0.0,-0.001,-0.001,-0.207,-0.025,0.017,0.802,0.036,0.7,0.093,3.0,0.0,0.0,407.5,0.5,,
82,-0.8,-0.3,0.0,0.0,-0.002,-0.002,0.009,-0.185,0.009,0.988,0.099,0.174,0.048,3.0,0.0,0.0,406.5,0.5,,
83,-0.75,-0.25,0.0,0.0,-0.001,-0.002,-0.002,0.233,0.011,1.333,0.132,0.262,0.113,3.0,0.5,0.0,408.5,0.5,,
84,-0.675,-0.175,0.0,0.0,-0.002,-0.002,-0.043,-0.178,0.036,1.181,0.222,0.063,0.129,2.5,0.0,1.0,290.5,0.5,,
85,-0.175,-0.175,0.0,0.0,-0.001,-0.001,-1.323,-0.224,0.006,0.907,0.252,0.38,0.193,2.5,0.0,0.5,238.5,0.5,,
86,-0.8,-0.3,0.0,0.0,-0.002,-0.002,0.037,0.14,0.009,0.695,0.099,0.166,0.119,3.0,0.0,0.5,359.0,0.5,,
87,-0.125,-0.125,0.0,0.0,-0.0,-0.0,-0.171,-0.297,-0.004,1.56,0.033,-0.364,0.106,2.5,0.5,0.5,378.5,0.5,,
88,-0.175,-0.175,0.5,0.0,-0.0,-0.001,0.086,-0.185,0.017,0.895,0.524,-0.021,0.054,2.5,0.0,0.5,297.0,0.5,,
89,-0.675,-0.175,0.0,0.0,-0.002,-0.002,0.223,-0.132,-0.002,0.698,0.576,-0.016,0.1,2.5,0.0,0.5,247.0,0.5,,
90,-0.675,-0.175,0.0,0.0,-0.002,-0.002,0.32,-0.197,0.005,0.889,0.39,0.057,0.113,2.5,0.0,0.5,287.0,0.5,,
91,0.375,-0.125,0.5,0.0,0.001,0.001,-0.247,-0.307,0.012,1.287,0.469,-0.095,0.104,2.5,0.5,0.5,388.0,0.5,,
92,-0.8,-0.3,0.0,0.0,-0.002,-0.003,0.004,-0.01,0.013,0.707,0.132,0.143,0.148,3.0,0.0,0.0,319.0,0.5,,
93,0.325,-0.175,0.5,0.0,0.001,0.001,-0.395,-0.31,-0.014,0.785,0.684,0.016,0.196,2.5,0.0,0.5,252.0,0.5,,
94,-0.05,-0.05,0.0,0.0,-0.0,-0.0,-0.447,-0.002,0.009,1.202,0.035,-2.007,0.124,2.0,0.0,1.0,238.5,0.5,,
95,-0.3,-0.3,0.0,0.0,-0.001,-0.001,1.28,-0.077,0.015,0.599,0.273,0.698,0.106,3.0,0.0,0.0,398.5,0.5,,
96,-0.05,-0.05,0.0,0.0,-0.0,-0.0,1.914,-0.084,0.006,0.898,0.226,-2.376,0.127,2.0,0.0,1.0,258.0,0.5,,
97,-1.125,-0.125,0.0,0.0,-0.002,-0.002,0.527,-0.35,0.001,1.355,0.791,-0.013,0.122,2.5,0.5,1.0,376.0,0.5,,
98,0.275,-0.225,0.5,0.0,0.001,0.001,-0.065,-0.117,0.003,0.751,0.585,-0.015,0.085,2.5,0.5,0.5,266.0,0.5,,
99,-0.05,-0.05,0.0,0.0,-0.0,-0.0,-0.52,-0.009,0.014,0.856,0.449,-2.267,0.171,2.0,0.0,1.0,232.5,0.5,,
100,-0.55,-0.05,0.0,0.0,-0.002,-0.002,-0.009,-0.001,-0.023,1.093,0.272,-0.055,0.147,2.0,0.0,1.0,241.5,0.5,0.041,0.078
101,-0.675,-0.175,0.0,0.0,-0.002,-0.002,-0.016,-0.161,0.009,0.712,0.133,-0.004,0.169,2.5,0.0,0.5,284.0,0.5,,
102,-0.675,-0.175,0.0,0.0,-0.002,-0.002,0.069,-0.159,-0.004,0.961,0.251,0.038,0.125,2.5,0.0,0.5,323.0,0.5,,
103,-1.3,-0.3,0.0,0.0,-0.004,-0.004,0.192,0.008,0.0,0.574,0.642,0.251,0.114,3.0,0.0,1.0,342.5,0.5,,
104,-0.05,-0.05,0.0,0.0,-0.0,-0.0,0.017,0.003,0.015,0.748,0.005,-1.099,0.196,2.0,0.0,1.0,221.0,0.5,,
105,-0.05,-0.05,0.0,0.0,-0.0,-0.0,-0.389,-0.048,0.012,0.976,0.014,-2.294,0.081,2.0,0.0,1.0,260.0,0.5,,
106,-0.05,-0.05,0.0,0.0,-0.0,-0.0,0.004,-0.007,0.014,0.825,0.001,-0.93,0.167,2.0,0.0,1.0,240.5,0.5,,
107,-0.175,-0.175,0.5,0.0,-0.0,-0.0,0.049,-0.288,0.022,0.771,0.529,0.023,0.122,2.5,0.0,1.0,341.5,0.5,,
108,0.45,-0.05,0.5,0.0,0.002,0.002,-0.187,0.136,0.015,0.805,0.416,-0.057,0.124,2.0,0.0,1.0,187.0,0.5,,
109,-0.675,-0.175,0.0,0.0,-0.003,-0.003,0.026,0.007,0.003,0.573,0.25,0.008,0.125,2.5,0.0,0.5,240.0,0.5,,
110,0.325,-0.175,0.5,0.0,0.001,0.001,0.053,-0.299,0.0,0.695,0.251,-0.076,0.194,2.5,0.0,0.5,277.0,0.5,,
111,-0.675,-0.175,0.0,0.0,-0.002,-0.002,0.189,-0.067,-0.009,0.725,0.585,0.037,0.162,2.5,0.0,0.5,263.0,0.5,,
112,-0.675,-0.175,0.0,0.0,-0.002,-0.002,0.425,-0.217,0.015,0.796,0.379,0.052,0.148,2.5,0.0,0.5,303.0,0.5,,
113,-0.85,-0.35,0.0,0.0,-0.002,-0.002,0.212,-0.137,0.012,0.734,0.193,0.111,0.058,3.0,0.5,0.5,331.5,0.5,,
114,-0.05,-0.05,0.0,0.0,-0.0,-0.0,-0.901,0.006,0.01,0.935,0.365,-0.766,0.145,2.0,0.0,1.0,235.5,0.5,,
115,-0.675,-0.175,0.0,0.0,-0.002,-0.002,-0.118,-0.253,-0.01,0.854,0.235,-0.047,0.124,2.5,0.0,1.0,321.5,0.5,,
116,-0.675,-0.175,0.0,0.0,-0.003,-0.003,-0.038,-0.03,0.001,0.48,0.236,0.007,0.127,2.5,0.0,1.0,244.5,0.5,,
117,-0.05,-0.05,0.0,0.0,-0.0,-0.0,-3.655,-0.066,0.011,0.902,0.34,-1.104,0.165,2.0,0.0,1.0,175.5,0.5,,
118,-0.05,-0.05,0.0,0.0,-0.0,-0.0,-0.096,-0.0,-0.001,0.849,0.1,-1.961,0.159,2.0,0.0,1.0,214.0,0.5,,
119,-0.675,-0.175,0.0,0.0,-0.002,-0.002,0.244,-0.173,0.031,0.573,0.29,0.065,0.131,2.5,0.0,0.5,283.5,0.5,,
120,-0.05,-0.05,0.0,0.0,-0.0,-0.0,1.129,-0.008,0.009,0.72,0.102,-1.537,0.204,2.0,0.0,1.0,225.5,0.5,,
121,-0.05,-0.05,0.5,0.0,-0.0,-0.0,0.011,-0.025,-0.013,0.944,0.367,0.029,0.102,2.0,0.0,1.0,239.5,0.5,,
122,-0.05,-0.05,0.0,0.0,-0.0,-0.0,0.425,-0.01,0.027,0.606,0.009,-2.869,0.197,2.0,0.0,1.0,182.5,0.5,,
123,-0.05,-0.05,0.0,0.0,-0.0,-0.0,-0.144,-0.009,0.023,0.94,0.007,-3.064,0.173,2.0,0.0,1.0,236.0,0.5,,
124,-0.05,-0.05,0.0,0.0,-0.0,-0.0,0.025,0.003,0.025,0.527,0.003,-4.021,0.156,2.0,0.0,1.0,224.0,0.5,,
125,0.45,-0.05,0.5,0.0,0.002,0.002,-0.125,0.154,0.026,0.616,0.228,0.073,0.156,2.0,0.0,1.0,200.5,0.5,,
126,-0.05,-0.05,0.0,0.0,-0.0,-0.0,0.063,-0.01,0.022,0.67,0.008,-1.715,0.156,2.0,0.0,1.0,217.0,0.5,,
127,-0.05,-0.05,0.0,0.0,-0.0,-0.0,-0.003,0.002,0.025,0.696,0.007,-0.924,0.178,2.0,0.0,1.0,218.5,0.5,,
128,-0.05,-0.05,0.0,0.0,-0.0,-0.0,-0.287,-0.036,0.026,0.582,0.011,-0.693,0.158,2.0,0.0,1.0,227.0,0.5,,
129,0.45,-0.05,0.5,0.0,0.002,0.002,-0.094,0.135,0.03,0.533,0.157,0.009,0.146,2.0,0.0,1.0,242.5,0.5,,
130,-0.05,-0.05,0.0,0.0,-0.0,-0.0,0.076,0.0,0.012,0.76,0.039,-0.354,0.175,2.0,0.0,1.0,253.0,0.5,,
131,-0.05,-0.05,0.0,0.0,-0.0,-0.0,0.072,0.009,-0.003,0.662,0.012,-0.697,0.24,2.0,0.0,1.0,231.5,0.5,,
132,-0.05,-0.05,0.0,0.0,-0.0,-0.0,-0.066,-0.003,0.013,0.68,0.055,-1.023,0.124,2.0,0.0,1.0,240.0,0.5,,
133,0.375,-0.125,0.5,0.0,0.001,0.001,-0.35,-0.441,-0.003,1.337,0.475,-0.094,0.188,2.5,0.5,0.5,361.5,0.5,,
134,-0.1,-0.1,0.5,0.5,-0.0,-0.001,-0.006,0.084,-0.029,0.994,0.546,-0.001,0.247,2.0,0.0,1.0,228.5,0.5,,
135,-0.05,-0.05,0.0,0.0,-0.0,-0.0,0.338,-0.028,0.008,0.827,0.063,-2.374,0.166,2.0,0.0,1.0,243.0,0.5,,
136,-0.125,-0.125,0.0,0.0,-0.0,-0.0,0.89,-0.282,0.002,1.385,0.047,-0.228,0.148,2.5,0.5,0.5,381.0,0.5,,
137,-0.7,-0.2,0.0,0.0,-0.001,-0.001,0.0,0.002,-0.004,1.008,0.034,0.087,0.085,3.0,1.0,0.0,512.0,1.0,,
138,-0.175,-0.175,0.0,0.0,-0.0,-0.0,-0.861,-0.181,-0.016,0.866,0.143,0.179,0.178,2.5,0.0,0.5,360.5,0.5,,
139,-0.05,-0.05,0.0,0.0,-0.0,-0.0,-0.475,-0.007,-0.014,0.813,0.18,-0.644,0.138,2.0,0.0,1.0,233.5,0.5,,
140,-0.05,-0.05,0.0,0.0,-0.0,-0.0,-0.197,0.002,-0.014,0.744,0.031,-0.411,0.208,2.0,0.0,1.0,242.5,0.5,,
141,-0.75,-0.25,0.0,0.0,-0.001,-0.002,0.139,0.072,-0.003,1.269,0.401,0.063,0.109,3.0,0.5,0.0,459.0,0.5,,
142,0.95,-0.05,1.0,0.0,0.004,0.004,-0.119,0.013,-0.019,0.7,0.05,-0.028,0.157,2.0,0.0,1.0,215.5,0.5,,
143,-0.05,-0.05,0.0,0.0,-0.0,-0.0,1.454,0.001,-0.024,0.524,0.691,-1.199,0.176,2.0,0.0,1.0,232.5,0.5,,
144,-0.05,-0.05,0.0,0.0,-0.0,-0.0,0.0,0.023,-0.015,0.647,0.746,-1.65,0.132,2.0,0.0,1.0,226.0,1.0,,
145,-0.05,-0.05,0.0,0.0,-0.0,-0.0,0.604,0.0,0.021,0.655,0.368,-1.25,0.133,2.0,0.0,1.0,225.0,0.5,,
146,-0.175,-0.175,0.0,0.0,-0.001,-0.001,0.394,-0.035,-0.023,0.871,0.042,-0.062,0.216,2.5,0.0,1.0,297.0,0.5,,
147,-0.775,-0.275,0.0,0.5,-0.002,-0.002,0.045,-0.189,0.006,0.66,0.13,0.017,0.194,2.5,0.0,0.5,301.5,0.5,,
148,-0.125,-0.125,0.0,0.0,-0.0,-0.0,-4.315,-0.077,0.015,1.109,0.804,0.381,0.219,2.5,0.5,0.5,379.0,0.5,,
149,0.45,-0.05,0.5,0.0,0.002,0.002,-0.701,-0.198,0.01,0.855,2.028,-0.045,0.215,2.0,0.0,1.0,206.0,0.5,,
150,-0.125,-0.125,0.5,0.0,-0.0,-0.0,-0.436,-0.409,0.003,1.346,1.331,-0.058,0.127,2.5,0.5,1.0,365.5,0.5,0.02,0.059
151,-0.05,-0.05,0.0,0.0,-0.0,-0.0,-0.154,0.014,-0.013,0.724,0.35,-0.074,0.183,2.0,0.0,1.0,219.5,0.5,,
152,-0.025,-0.025,0.0,0.0,-0.0,-0.0,-2.361,-0.193,-0.005,0.814,0.029,-0.795,0.158,1.5,0.0,1.0,161.5,0.5,,
153,-0.05,-0.05,0.0,0.0,-0.0,-0.0,0.335,0.007,0.018,0.704,0.094,-0.881,0.156,2.0,0.0,1.0,230.0,0.5,,
154,-0.05,-0.05,0.0,0.0,-0.0,-0.0,1.681,-0.027,0.022,1.148,0.091,-0.788,0.094,2.0,0.0,1.0,260.5,0.5,,
155,-0.05,-0.05,0.0,0.0,-0.0,-0.0,0.115,0.019,0.026,0.822,0.021,-1.905,0.154,2.0,0.0,1.0,215.5,0.5,,
156,-0.05,-0.05,0.0,0.0,-0.0,-0.0,-0.549,0.006,0.028,0.874,0.107,-2.674,0.162,2.0,0.0,1.0,236.5,0.5,,
157,0.45,-0.05,0.5,0.0,0.001,0.001,-0.18,0.124,0.029,1.015,0.22,0.026,0.146,2.0,0.0,1.0,269.5,0.5,,
158,-0.05,-0.05,0.0,0.0,-0.0,-0.0,1.188,-0.024,0.044,0.889,0.099,-0.959,0.157,2.0,0.0,1.0,232.0,0.5,,
159,-0.05,-0.05,0.0,0.0,-0.0,-0.0,0.377,0.014,0.017,0.599,0.17,-0.74,0.023,2.0,0.0,1.0,225.0,0.5,,
160,-0.05,-0.05,0.0,0.0,-0.0,-0.0,0.324,-0.011,0.017,0.792,0.047,-0.822,0.188,2.0,0.0,1.0,258.0,0.5,,
161,-0.05,-0.05,0.0,0.0,-0.0,-0.0,-0.211,0.002,0.029,0.58,0.041,-0.417,0.135,2.0,0.0,1.0,226.5,0.5,,
162,-0.05,-0.05,0.0,0.0,-0.0,-0.0,-0.525,0.052,0.032,1.23,0.088,-0.742,0.192,2.0,0.0,1.0,238.0,0.5,,
163,-0.05,-0.05,0.0,0.0,-0.0,-0.0,-0.191,-0.016,0.039,0.603,0.019,-0.454,0.216,2.0,0.0,1.0,215.0,0.5,,
164,-0.025,-0.025,0.0,0.0,-0.0,-0.0,1.703,-0.553,0.025,1.043,0.045,-1.767,0.002,1.5,0.0,1.0,140.0,0.5,,
165,0.45,-0.05,0.5,0.0,0.002,0.002,-0.058,0.289,0.078,0.726,0.126,0.006,0.173,2.0,0.0,1.0,177.5,0.5,,
166,-0.625,-0.125,0.0,0.0,-0.001,-0.001,0.522,-0.26,-0.002,1.294,0.399,-0.003,0.133,2.5,0.5,0.5,363.0,0.5,,
167,-0.025,-0.025,0.0,0.0,-0.0,-0.0,2.852,-0.34,0.012,0.552,0.02,-0.817,0.148,1.5,0.0,1.0,173.5,0.5,,
168,-0.05,-0.05,0.0,0.0,-0.0,-0.0,-0.296,0.012,0.015,0.72,0.033,-0.324,0.163,2.0,0.0,1.0,235.5,0.5,,
169,0.45,-0.05,0.5,0.0,0.002,0.002,-0.133,0.081,0.023,0.761,0.457,-0.027,0.079,2.0,0.0,1.0,243.0,0.5,,
170,0.45,-0.05,0.5,0.0,0.002,0.002,-0.088,-0.039,0.022,0.69,0.252,0.031,0.16,2.0,0.0,1.0,240.5,0.5,,
171,-0.05,-0.05,0.0,0.0,-0.0,-0.0,0.231,-0.0,-0.013,0.61,0.044,-0.168,0.219,2.0,0.0,1.0,234.0,0.5,,
172,-0.05,-0.05,0.0,0.0,-0.0,-0.0,1.088,0.001,0.013,0.601,0.068,-0.189,0.146,2.0,0.0,1.0,209.0,0.5,,
173,-0.05,-0.05,0.0,0.0,-0.0,-0.0,0.406,0.026,0.016,0.766,0.011,0.1,0.264,2.0,0.0,1.0,244.0,0.5,,
174,-0.05,-0.05,0.0,0.0,-0.0,-0.0,-0.214,-0.004,0.026,0.759,0.051,-0.283,0.177,2.0,0.0,1.0,216.5,0.5,,
175,-0.05,-0.05,0.0,0.0,-0.0,-0.0,-1.312,0.029,0.032,0.637,0.08,0.108,0.167,2.0,0.0,1.0,248.0,0.5,,
176,-0.725,-0.225,0.0,0.0,-0.002,-0.002,0.117,-0.185,0.03,0.748,0.27,0.048,0.144,2.5,0.5,0.5,304.0,0.5,,
177,-0.05,-0.05,0.0,0.0,-0.0,-0.0,-0.007,-0.012,0.029,0.651,0.0,-0.06,0.235,2.0,0.0,1.0,220.0,0.5,,
178,-0.05,-0.05,0.0,0.0,-0.0,-0.0,0.074,-0.006,0.037,0.615,0.002,-0.104,0.134,2.0,0.0,1.0,241.0,0.5,,
179,-0.05,-0.05,0.0,0.0,-0.0,-0.0,-0.04,-0.005,0.022,0.666,0.001,0.229,0.207,2.0,0.0,1.0,245.5,0.5,,
180,-0.175,-0.175,0.0,0.0,-0.0,-0.0,0.346,-0.24,0.07,0.59,0.022,0.013,0.237,2.5,0.0,0.5,338.0,0.5,,
181,-0.775,-0.275,0.0,0.5,-0.002,-0.002,0.148,-0.148,0.025,0.508,0.309,-0.007,0.156,2.5,0.0,0.5,313.0,0.5,,
182,-0.05,-0.05,0.0,0.0,-0.0,-0.0,-0.369,-0.016,-0.004,0.768,0.038,-0.346,0.193,2.0,0.0,1.0,233.5,0.5,,
183,-0.175,-0.175,0.0,0.0,-0.001,-0.001,-0.02,0.016,-0.017,0.926,0.02,0.016,0.161,2.5,0.0,0.5,296.0,0.5,,
184,-0.05,-0.05,0.0,0.0,-0.0,-0.0,0.038,-0.001,0.006,0.488,0.001,0.009,0.092,2.0,0.0,1.0,233.0,0.5,,
185,-0.05,-0.05,0.0,0.0,-0.0,-0.0,-0.016,0.003,-0.0,0.673,0.001,0.335,0.225,2.0,0.0,1.0,230.0,0.5,,
186,-0.025,-0.025,0.0,0.0,-0.0,-0.0,-0.021,-0.543,0.012,0.928,0.007,-0.826,0.265,1.5,0.0,1.0,139.5,0.5,,
187,-0.05,-0.05,0.0,0.0,-0.0,-0.0,0.046,-0.001,0.005,0.596,0.027,0.33,0.303,2.0,0.0,1.0,220.5,0.5,,
188,-0.05,-0.05,0.0,0.0,-0.0,-0.0,0.411,0.001,-0.019,0.996,0.004,0.277,0.24,2.0,0.0,1.0,264.0,0.5,,
189,-0.05,-0.05,0.0,0.0,-0.0,-0.0,-0.084,-0.001,0.007,0.973,0.012,-0.019,0.209,2.0,0.0,1.0,242.5,0.5,,
190,-0.05,-0.05,0.0,0.0,-0.0,-0.0,-0.049,0.134,-0.041,0.628,0.005,-0.17,0.247,2.0,0.0,1.0,219.0,0.5,,
191,-0.05,-0.05,0.0,0.0,-0.0,-0.0,0.431,-0.125,-0.021,0.707,0.008,-0.77,0.252,2.0,0.0,1.0,251.5,0.5,,
192,-0.05,-0.05,0.0,0.0,-0.0,-0.0,0.002,0.022,-0.003,1.023,0.001,-0.863,0.114,2.0,0.0,1.0,227.5,0.5,,
193,0.45,-0.05,0.5,0.0,0.002,0.002,-0.048,-0.029,0.018,0.733,0.27,-0.005,0.187,2.0,0.0,1.0,236.0,0.5,,
194,-0.025,-0.025,0.0,0.0,-0.0,-0.0,-0.381,-0.295,0.003,0.97,0.002,-0.224,0.242,1.5,0.0,1.0,162.0,0.5,,
195,-0.05,-0.05,0.0,0.0,-0.0,-0.0,0.246,0.03,0.006,0.821,0.017,-0.223,0.224,2.0,0.0,1.0,230.0,0.5,,
196,-0.05,-0.05,0.0,0.0,-0.0,-0.0,0.058,-0.057,0.009,0.834,0.009,-0.487,0.199,2.0,0.0,1.0,248.0,0.5,,
197,-0.05,-0.05,0.0,0.0,-0.0,-0.0,-0.433,-0.022,-0.009,0.668,0.024,-0.189,0.208,2.0,0.0,1.0,231.0,0.5,,
198,-0.05,-0.05,0.0,0.0,-0.0,-0.0,-0.095,-0.003,-0.024,0.851,0.004,0.253,0.241,2.0,0.0,1.0,220.0,0.5,,
199,-0.175,-0.175,0.0,0.0,-0.0,-0.001,0.365,-0.076,-0.039,0.752,0.025,-0.066,0.069,2.5,0.0,0.5,293.5,0.5,,
200,-0.05,-0.05,0.0,0.0,-0.0,-0.0,-0.07,-0.075,-0.026,0.801,0.001,-0.358,0.243,2.0,0.0,1.0,201.0,0.5,0.0,0.059
201,-0.025,-0.025,0.0,0.0,-0.0,-0.0,0.339,-0.442,-0.013,1.174,0.007,0.083,0.525,1.5,0.0,1.0,136.0,0.5,,
202,-0.55,-0.05,0.0,0.0,-0.002,-0.002,0.161,-0.079,-0.006,1.0,0.183,0.07,0.234,2.0,0.0,1.0,276.5,0.5,,
203,-0.05,-0.05,0.0,0.0,-0.0,-0.0,0.248,0.012,-0.01,0.655,0.005,0.482,0.284,2.0,0.0,1.0,232.5,0.5,,
204,-0.025,-0.025,0.0,0.0,-0.0,-0.0,-1.47,-0.326,0.009,0.994,0.02,-0.586,0.234,1.5,0.0,1.0,158.5,0.5,,
205,-0.05,-0.05,0.0,0.0,-0.0,-0.0,-0.007,0.01,0.024,0.764,0.003,0.289,0.232,2.0,0.0,1.0,224.0,0.5,,
206,-0.05,-0.05,0.0,0.0,-0.0,-0.0,0.302,-0.05,-0.004,0.831,0.008,-0.448,0.218,2.0,0.0,1.0,258.5,0.5,,
207,-0.175,-0.175,0.0,0.0,-0.0,-0.0,0.215,-0.152,0.003,0.842,0.015,0.231,0.115,2.5,0.0,0.5,335.0,0.5,,
208,-0.05,-0.05,0.0,0.0,-0.0,-0.0,-0.588,-0.045,0.011,0.766,0.03,-0.103,0.29,2.0,0.0,1.0,230.5,0.5,,
209,-0.05,-0.05,0.0,0.0,-0.0,-0.0,-0.185,0.024,-0.022,0.711,0.005,0.327,0.181,2.0,0.0,1.0,223.0,0.5,,
210,-0.05,-0.05,0.0,0.0,-0.0,-0.0,0.081,0.013,0.004,0.702,0.004,0.05,0.204,2.0,0.0,1.0,234.0,0.5,,
211,0.45,-0.05,0.5,0.0,0.002,0.002,-0.019,0.067,-0.035,0.676,0.247,0.039,0.242,2.0,0.0,1.0,193.5,0.5,,
212,-0.05,-0.05,0.0,0.0,-0.0,-0.0,0.087,0.072,-0.012,0.887,0.001,-0.095,0.405,2.0,0.0,1.0,210.0,0.5,,
213,-0.05,-0.05,0.0,0.0,-0.0,-0.0,-0.137,0.01,-0.002,0.997,0.004,0.398,0.267,2.0,0.0,1.0,219.5,0.5,,
214,-0.55,-0.05,0.0,0.0,-0.002,-0.002,0.019,0.004,-0.022,0.78,0.17,0.091,0.136,2.0,0.0,1.0,246.0,0.5,,
215,0.45,-0.05,0.5,0.0,0.002,0.002,-0.035,-0.033,0.027,0.697,0.176,-0.026,0.319,2.0,0.0,1.0,198.0,0.5,,
216,-0.05,-0.05,0.0,0.0,-0.0,-0.0,0.098,-0.01,0.022,0.923,0.013,0.063,0.18,2.0,0.0,1.0,214.5,0.5,,
217,0.475,-0.025,0.5,0.0,0.003,0.003,-0.101,-0.155,0.009,1.059,0.236,0.01,0.091,1.5,0.0,1.0,152.5,0.5,,
218,-0.05,-0.05,0.0,0.0,-0.0,-0.0,-0.524,0.002,0.027,0.784,0.02,0.23,0.366,2.0,0.0,1.0,145.0,0.5,,
219,-0.05,-0.05,0.0,0.0,-0.0,-0.0,-0.699,0.025,0.024,0.926,0.004,0.391,0.432,2.0,0.0,1.0,183.5,0.5,,
220,-0.55,-0.05,0.0,0.0,-0.003,-0.003,0.136,0.145,0.016,0.83,0.191,0.02,0.428,2.0,0.0,1.0,183.5,0.5,,
221,-0.05,-0.05,0.0,0.0,-0.0,-0.0,-0.11,-0.058,-0.012,0.678,0.002,-0.034,0.198,2.0,0.0,1.0,201.0,0.5,,
222,-0.05,-0.05,0.0,0.0,-0.0,-0.0,0.126,-0.073,-0.027,0.703,0.0,0.15,0.274,2.0,0.0,1.0,183.5,0.5,,
223,-0.55,-0.05,0.0,0.0,-0.002,-0.003,0.163,-0.176,0.025,0.621,0.154,0.04,0.294,2.0,0.0,1.0,188.5,0.5,,
224,-0.05,-0.05,0.0,0.0,-0.0,-0.0,-2.593,0.146,-0.019,0.822,0.048,0.52,0.26,2.0,0.0,1.0,186.0,0.5,,
225,-0.025,-0.025,0.0,0.0,-0.0,-0.0,-3.124,-0.669,0.017,0.999,0.011,0.147,0.647,1.5,0.0,1.0,124.0,0.5,,
226,-0.05,-0.05,0.0,0.0,-0.0,-0.001,0.555,-0.025,0.022,0.718,0.03,0.438,0.548,2.0,0.0,1.0,164.0,0.5,,
227,-0.05,-0.05,0.0,0.0,-0.0,-0.0,2.646,-0.068,-0.014,0.526,0.049,0.519,0.516,2.0,0.0,1.0,151.5,0.5,,
228,-0.05,-0.05,0.0,0.0,-0.0,-0.0,1.151,0.021,0.014,0.892,0.006,0.496,0.298,2.0,0.0,1.0,190.0,0.5,,
229,0.45,-0.05,0.5,0.0,0.002,0.002,-0.203,0.238,-0.026,0.647,0.283,0.014,0.252,2.0,0.0,1.0,182.5,0.5,,
230,-0.05,-0.05,0.0,0.0,-0.0,-0.0,-0.504,0.032,0.029,0.886,0.003,0.472,0.276,2.0,0.0,1.0,174.0,0.5,,
231,-0.675,-0.175,0.0,0.0,-0.002,-0.003,0.001,0.01,0.02,0.829,0.291,0.067,0.348,2.5,0.0,1.0,274.5,0.5,,
232,-0.05,-0.05,0.0,0.0,-0.0,-0.0,-0.001,-0.003,0.028,0.687,0.001,0.519,0.281,2.0,0.0,1.0,136.0,0.5,,
233,-0.05,-0.05,0.0,0.0,-0.0,-0.0,-0.242,-0.011,0.015,0.812,0.002,0.514,0.302,2.0,0.0,1.0,140.5,0.5,,
234,-0.05,-0.05,0.0,0.0,-0.0,-0.0,0.583,0.097,0.025,0.742,0.001,0.4,0.48,2.0,0.0,1.0,183.0,0.5,,
235,-0.05,-0.05,0.0,0.0,-0.0,-0.0,-0.058,0.004,-0.002,0.554,0.011,0.381,0.317,2.0,0.0,1.0,184.5,0.5,,
236,-0.05,-0.05,0.0,0.0,-0.0,-0.0,-1.025,-0.17,-0.003,0.519,0.004,0.321,0.345,2.0,0.0,1.0,177.5,0.5,,
237,-0.05,-0.05,0.0,0.0,-0.0,-0.0,0.057,-0.008,-0.017,0.742,0.0,0.192,0.488,2.0,0.0,1.0,168.0,0.5,,
238,-0.05,-0.05,0.0,0.0,-0.0,-0.0,0.654,-0.104,0.014,0.85,0.001,0.435,0.531,2.0,0.0,1.0,163.5,0.5,,
239,-0.025,-0.025,0.0,0.0,-0.0,-0.0,-0.909,-0.188,0.018,0.828,0.004,-0.035,0.535,1.5,0.0,1.0,92.0,0.5,,
240,-0.05,-0.05,0.0,0.0,-0.0,-0.001,-0.051,0.051,0.07,0.557,0.002,0.306,0.584,2.0,0.0,1.0,117.5,0.5,,
241,-0.05,-0.05,0.0,0.0,-0.0,-0.0,1.506,-0.077,0.008,0.523,0.011,0.551,0.15,2.0,0.0,1.0,176.0,0.5,,
242,-0.05,-0.05,0.0,0.0,-0.0,-0.001,0.043,-0.005,0.018,0.405,0.006,0.573,0.351,2.0,0.0,1.0,114.0,0.5,,
243,0.45,-0.05,0.5,0.0,0.002,0.002,-0.184,-0.169,-0.011,0.558,0.32,0.026,0.26,2.0,0.0,1.0,181.5,0.5,,
244,0.45,-0.05,0.5,0.0,0.002,0.002,-0.226,0.204,0.035,0.464,0.219,-0.036,0.145,2.0,0.0,1.0,204.0,0.5,,
245,-0.05,-0.05,0.0,0.0,-0.0,-0.0,0.401,0.027,0.024,0.455,0.035,0.639,0.324,2.0,0.0,1.0,132.0,0.5,,
246,-0.05,-0.05,0.0,0.0,-0.0,-0.0,1.326,-0.025,0.02,0.602,0.049,0.419,0.193,2.0,0.0,1.0,184.0,0.5,,
247,-0.025,-0.025,0.0,0.0,-0.0,-0.0,2.029,-0.265,0.041,0.53,0.004,0.42,0.633,1.5,0.0,1.0,74.5,0.5,,
248,-0.05,-0.05,0.0,0.0,-0.0,-0.001,-0.104,0.017,0.042,0.507,0.01,0.461,0.483,2.0,0.0,1.0,130.5,0.5,,
249,0.475,-0.025,0.5,0.0,0.003,0.002,-0.22,0.187,-0.016,1.64,0.241,0.005,0.283,1.5,0.0,1.0,151.5,0.5,,
250,,,,,,,,,,,,,,,,,,,0.02,0.059
