step,reward_decomposition/total_token_score_sum_mean,reward_decomposition/search_reward_sum_mean,reward_decomposition/answer_reward_sum_mean,reward_decomposition/invalid_search_count_mean,reward_decomposition/search_mismatch_count_mean,reward_decomposition/malformed_action_count_mean,reward_decomposition/full_format_valid_mean,ppo_chain/token_level_scores_mean,ppo_chain/token_level_rewards_mean,ppo_chain/advantages_mean,actor/pg_loss,actor/ppo_kl,actor/entropy_loss,critic/vf_loss,critic/vf_explained_var,critic/kl,env/number_of_actions/mean,env/number_of_valid_search,env/finish_ratio,response_length/mean,response_length/clip_ratio,val/test_score/nq,val/test_score/hotpotqa
0,,,,,,,,,,,,,,,,,,,,,,0.02,0.02
1,-1.35,-0.35,0.0,0.5,,,,-0.003,-0.003,-0.084,0.036,-0.001,1.769,7.253,-65.092,0.002,3.0,0.5,0.0,413.5,0.5,,
2,-0.85,-0.35,0.0,0.5,,,,-0.002,-0.002,-0.057,-0.003,0.001,1.58,10.04,-50.006,0.003,3.0,0.5,0.0,460.5,0.5,,
3,-0.9,-0.4,0.0,1.0,,,,-0.002,-0.002,0.0,-0.001,0.001,1.75,7.97,-33.564,0.003,3.0,0.5,0.0,512.0,1.0,,
4,-0.8,-0.3,0.0,0.0,,,,-0.002,-0.002,0.039,-0.047,-0.0,2.153,6.037,-324.59,-0.001,3.0,1.0,0.0,451.0,0.5,,
5,-0.75,-0.25,0.0,0.0,,,,-0.001,-0.001,-0.001,0.003,-0.002,1.289,4.556,-46.864,-0.002,3.0,0.5,0.0,503.0,0.5,,
6,-1.075,-0.575,0.0,1.0,,,,-0.003,-0.003,-0.054,-0.005,0.0,1.315,2.387,-14.378,0.002,3.0,0.5,0.0,364.5,0.5,,
7,-0.3,-0.3,0.0,0.0,,,,-0.001,-0.001,-0.02,0.003,-0.0,1.575,1.767,-143.969,-0.001,3.0,1.0,0.0,483.0,0.5,,
8,-0.9,-0.4,0.0,0.5,,,,-0.003,-0.003,0.014,0.001,0.001,1.216,1.592,-15.13,-0.001,3.0,0.5,0.5,325.0,0.5,,
9,-0.95,-0.45,0.0,1.0,,,,-0.002,-0.002,-0.015,0.03,0.001,1.553,1.707,-8.235,0.0,3.0,0.0,0.0,477.0,0.5,,
10,-0.85,-0.35,0.0,0.5,,,,-0.002,-0.002,0.04,-0.038,0.002,1.321,1.496,-8.123,0.003,3.0,0.0,0.0,398.5,0.5,,
11,-0.3,-0.3,0.0,0.0,,,,-0.001,-0.001,0.016,-0.082,0.001,1.619,1.179,-123.588,-0.0,3.0,0.0,0.0,435.5,0.5,,
12,-0.25,-0.25,0.0,0.0,,,,-0.0,-0.0,0.006,0.013,0.002,1.451,1.039,-129.929,0.002,3.0,0.5,0.0,489.5,0.5,,
13,-0.375,-0.375,0.0,0.0,,,,-0.001,-0.001,-0.006,-0.001,0.002,1.487,1.081,-37.947,-0.002,3.0,1.0,0.0,507.0,0.5,,
14,-0.25,-0.25,0.0,0.0,,,,-0.0,-0.0,-0.02,-0.025,0.001,1.804,0.845,-86.071,0.001,3.0,0.5,0.0,490.0,0.5,,
15,-0.65,-0.15,0.0,0.0,,,,-0.002,-0.002,0.141,0.016,0.0,1.094,0.735,-2.513,-0.007,2.0,0.0,0.5,225.0,0.5,,
16,-0.25,-0.25,0.0,0.0,,,,-0.0,-0.0,-0.0,0.0,0.003,1.608,0.388,-32.395,-0.004,3.0,0.5,0.0,512.0,1.0,,
17,-0.75,-0.25,0.0,0.0,,,,-0.001,-0.001,-0.0,-0.0,0.001,1.975,0.966,-8.725,-0.002,3.0,1.0,0.0,512.0,1.0,,
18,-0.25,-0.25,0.0,0.0,,,,-0.0,-0.0,0.073,-0.077,0.0,1.424,0.302,-29.943,0.003,3.0,0.5,0.0,415.0,0.5,,
19,-0.3,-0.3,0.0,0.0,,,,-0.001,-0.001,-0.046,0.002,-0.003,1.152,0.19,-12.535,-0.01,3.0,0.0,0.0,323.5,0.5,,
20,-1.4,-0.4,0.0,2.0,,,,-0.003,-0.003,0.325,0.159,0.002,1.248,1.253,-3.308,-0.009,3.0,1.0,0.0,398.0,0.5,,
21,-0.85,-0.35,0.0,0.5,,,,-0.002,-0.002,0.0,0.002,-0.002,1.795,0.32,-3.849,0.008,3.0,0.5,0.0,512.0,1.0,,
22,-0.25,-0.25,0.0,0.0,,,,-0.0,-0.0,-0.041,0.017,0.0,1.689,0.094,-12.295,0.0,3.0,0.5,0.0,484.5,0.5,,
23,-0.175,-0.175,0.0,0.0,,,,-0.0,-0.0,0.319,0.12,0.001,1.119,0.283,-8.491,-0.017,2.5,0.0,0.5,388.0,0.5,,
24,-0.95,-0.45,0.0,1.0,,,,-0.002,-0.002,0.049,-0.032,0.003,1.232,0.537,-0.402,-0.013,3.0,0.0,0.0,378.5,0.5,,
25,-0.3,-0.3,0.0,0.0,,,,-0.001,-0.001,-0.123,-0.16,0.004,1.171,0.037,-5.281,-0.005,3.0,0.0,0.0,352.5,0.5,,
26,-0.15,-0.15,0.0,0.0,,,,-0.0,-0.0,0.124,0.367,0.0,1.669,0.065,-3.31,0.011,2.0,0.0,1.0,292.5,0.5,,
27,-0.8,-0.3,0.0,0.0,,,,-0.002,-0.002,0.05,0.065,-0.002,1.373,0.475,-1.324,-0.002,3.0,0.0,0.0,480.0,0.5,,
28,-0.25,-0.25,0.0,0.0,,,,-0.0,-0.0,-0.108,0.118,0.002,1.335,0.231,-8.003,0.011,3.0,0.5,0.0,438.0,0.5,,
29,-1.35,-0.35,0.0,0.5,,,,-0.003,-0.003,0.041,-0.007,0.001,1.335,0.104,0.352,-0.004,3.0,0.0,0.0,442.0,0.5,,
30,-0.25,-0.25,0.0,0.0,,,,-0.0,-0.0,-0.304,-0.0,0.002,1.68,0.487,-0.872,0.008,3.0,0.5,0.0,487.0,0.5,,
31,-0.875,-0.375,0.0,0.0,,,,-0.002,-0.002,0.015,-0.006,-0.0,1.696,0.079,0.286,0.015,3.0,1.0,0.0,495.0,0.5,,
32,-0.925,-0.425,0.0,0.5,,,,-0.002,-0.002,0.027,-0.146,0.001,1.021,0.246,0.081,0.011,3.0,0.5,0.0,393.5,0.5,,
33,-0.8,-0.3,0.0,0.0,,,,-0.002,-0.002,-0.092,-0.064,0.005,0.979,0.139,0.037,-0.007,3.0,0.0,0.0,379.0,0.5,,
34,-0.85,-0.35,0.0,0.5,,,,-0.002,-0.002,0.001,-0.003,-0.0,1.488,0.084,0.252,0.0,3.0,0.5,0.0,508.0,0.5,,
35,-0.425,-0.425,0.0,0.0,,,,-0.001,-0.001,0.235,0.104,-0.001,1.454,0.081,0.114,-0.002,3.0,0.5,0.0,445.5,0.5,,
36,-0.2,-0.2,0.0,0.0,,,,-0.0,-0.0,0.0,-0.005,-0.001,1.858,0.008,-0.524,-0.007,3.0,1.0,0.0,512.0,1.0,,
37,-0.95,-0.45,0.0,1.0,,,,-0.002,-0.002,0.0,0.001,-0.001,1.274,0.232,0.058,0.003,3.0,0.0,0.0,512.0,1.0,,
38,-0.8,-0.3,0.0,0.0,,,,-0.002,-0.002,0.004,0.02,0.001,1.371,0.125,0.003,0.02,3.0,0.0,0.0,483.5,0.5,,
39,-0.85,-0.35,0.0,0.5,,,,-0.002,-0.002,-0.001,0.006,-0.0,1.754,0.191,-0.026,-0.012,3.0,0.5,0.0,505.0,0.5,,
40,-0.3,-0.3,0.0,0.0,,,,-0.001,-0.001,-0.101,0.018,0.005,1.79,0.333,-6.274,0.001,3.0,0.5,0.0,487.5,0.5,,
41,-0.25,-0.25,0.0,0.0,,,,-0.0,-0.0,0.0,-0.005,0.001,1.736,0.051,0.187,-0.012,3.0,0.5,0.0,512.0,1.0,,
42,-0.95,-0.45,0.0,1.0,,,,-0.002,-0.002,-0.0,-0.003,0.002,1.614,0.577,0.185,0.007,3.0,0.0,0.0,512.0,1.0,,
43,-0.25,-0.25,0.0,0.0,,,,-0.0,-0.0,0.123,0.013,0.001,1.489,0.044,0.216,0.014,3.0,0.5,0.0,492.5,0.5,,
44,-0.25,-0.25,0.0,0.0,,,,-0.0,-0.0,-0.078,0.04,0.002,1.927,0.009,0.345,0.02,3.0,0.5,0.0,466.0,0.5,,
45,-0.3,-0.3,0.0,0.0,,,,-0.001,-0.001,-0.026,-0.004,0.003,1.139,0.008,0.379,0.024,3.0,0.0,0.0,495.5,0.5,,
46,-0.3,-0.3,0.0,0.0,,,,-0.001,-0.001,-0.219,-0.057,0.005,1.556,0.006,0.471,0.015,3.0,0.0,0.0,413.0,0.5,,
47,-0.25,-0.25,0.0,0.0,,,,-0.0,-0.0,0.352,-0.064,0.001,1.783,0.064,-0.674,-0.05,3.0,0.5,0.0,445.0,0.5,,
48,-0.75,-0.25,0.0,2.0,,,,-0.002,-0.002,0.195,0.142,0.001,1.113,0.09,0.339,0.008,3.0,0.0,0.0,339.5,0.5,,
49,-0.175,-0.175,0.0,0.0,,,,-0.0,-0.0,-0.453,-0.192,-0.0,1.197,0.244,-1.709,0.03,2.5,0.0,0.5,383.0,0.5,,
50,-0.25,-0.25,0.0,0.0,,,,-0.0,-0.0,-0.0,-0.001,0.001,2.018,0.227,-0.047,0.024,3.0,0.5,0.0,512.0,1.0,0.0,0.02
51,-0.3,-0.3,0.0,0.0,,,,-0.001,-0.001,-0.002,-0.002,0.001,1.327,0.024,0.002,0.014,3.0,0.0,0.0,510.5,0.5,,
52,-0.75,-0.25,0.0,0.0,,,,-0.001,-0.001,0.045,-0.01,-0.003,1.526,0.248,0.387,-0.002,3.0,0.5,0.0,499.0,0.5,,
53,-0.3,-0.3,0.5,0.0,,,,-0.001,-0.001,0.166,-0.002,0.001,1.457,0.043,-1.569,0.024,3.0,0.0,0.0,459.5,0.5,,
54,-0.8,-0.3,0.0,0.0,,,,-0.002,-0.002,-0.025,0.101,0.002,1.436,0.244,0.226,0.039,3.0,0.0,0.0,459.5,0.5,,
55,-0.8,-0.3,0.0,0.0,,,,-0.002,-0.002,-0.084,-0.026,0.003,1.297,0.508,0.063,0.035,3.0,0.0,0.0,469.5,0.5,,
56,-0.3,-0.3,0.0,0.0,,,,-0.001,-0.001,-0.125,-0.002,0.002,1.169,0.552,0.033,0.008,3.0,0.0,0.0,504.5,0.5,,
57,-0.3,-0.3,0.0,0.0,,,,-0.001,-0.001,-0.318,-0.001,0.002,1.673,0.069,-0.308,0.033,3.0,0.0,0.0,464.0,0.5,,
58,-0.2,-0.2,0.0,0.0,,,,-0.0,-0.0,-0.0,-0.002,0.005,2.269,0.055,-0.824,0.039,3.0,1.0,0.0,512.0,1.0,,
59,-0.3,-0.3,0.0,0.0,,,,-0.001,-0.001,0.029,-0.007,0.006,0.998,0.048,-0.717,0.02,3.0,0.0,0.0,504.0,0.5,,
60,-0.3,-0.3,0.0,0.0,,,,-0.001,-0.001,-0.194,-0.002,0.002,1.312,0.062,-0.62,0.044,3.0,0.0,0.0,444.5,0.5,,
61,-0.3,-0.3,0.0,0.0,,,,-0.001,-0.001,-0.033,-0.002,0.004,1.41,0.055,-0.438,0.03,3.0,0.0,0.0,448.5,0.5,,
62,-0.3,-0.3,0.0,0.0,,,,-0.001,-0.001,0.005,0.006,0.006,1.192,0.055,-0.459,0.03,3.0,0.0,0.0,485.5,0.5,,
63,-0.3,-0.3,0.0,0.0,,,,-0.001,-0.001,0.07,-0.01,0.015,1.229,0.211,0.05,0.057,3.0,0.0,0.0,434.5,0.5,,
64,-0.8,-0.3,0.0,0.0,,,,-0.002,-0.002,0.148,0.054,0.009,1.068,0.303,0.204,0.036,3.0,0.0,0.0,472.5,0.5,,
65,-0.3,-0.3,0.0,0.0,,,,-0.001,-0.001,-0.008,-0.001,0.016,1.194,0.017,0.476,0.02,3.0,0.0,0.0,418.0,0.5,,
66,-0.25,-0.25,0.0,0.0,,,,-0.0,-0.0,-0.182,0.036,0.008,1.275,0.036,0.404,-0.017,3.0,0.5,0.0,481.0,0.5,,
67,-0.85,-0.35,0.0,0.5,,,,-0.002,-0.002,0.066,0.071,0.013,1.153,0.185,0.193,0.007,3.0,0.0,0.0,460.5,0.5,,
68,-0.3,-0.3,0.0,0.0,,,,-0.001,-0.001,0.021,0.002,0.007,1.262,0.009,0.579,0.016,3.0,0.0,0.5,495.0,0.5,,
69,-0.3,-0.3,0.0,0.0,,,,-0.001,-0.001,-0.155,-0.051,0.013,1.066,0.011,0.382,0.032,3.0,0.0,0.0,376.5,0.5,,
70,-0.3,-0.3,0.0,0.0,,,,-0.001,-0.001,0.019,-0.012,0.014,1.062,0.031,0.403,0.037,3.0,0.0,0.0,410.0,0.5,,
71,-0.3,-0.3,0.0,0.0,,,,-0.001,-0.001,0.217,-0.007,0.015,1.159,0.014,0.692,0.015,3.0,0.0,0.0,455.5,0.5,,
72,-0.25,-0.25,0.0,0.0,,,,-0.0,-0.001,-0.179,0.028,0.007,1.644,0.111,0.315,0.043,3.0,0.5,0.0,486.5,0.5,,
73,-0.3,-0.3,0.0,0.0,,,,-0.001,-0.001,-0.112,-0.008,0.016,1.068,0.075,0.685,0.047,3.0,0.0,0.0,501.5,0.5,,
74,-1.3,-0.3,0.0,0.0,,,,-0.003,-0.003,0.117,0.006,0.025,0.823,0.256,0.287,0.025,3.0,0.0,0.0,444.5,0.5,,
75,-0.25,-0.25,0.0,0.0,,,,-0.0,-0.001,-0.221,0.096,0.027,1.047,0.018,0.256,0.058,3.0,0.5,0.0,446.0,0.5,,
76,-0.25,-0.25,0.0,0.0,,,,-0.0,-0.001,-0.0,-0.006,0.018,1.27,0.024,0.414,0.023,3.0,0.5,0.0,512.0,1.0,,
77,-0.8,-0.3,0.0,0.0,,,,-0.002,-0.002,0.197,-0.113,0.048,0.875,0.2,0.163,0.066,3.0,0.0,0.0,432.0,0.5,,
78,-0.75,-0.25,0.0,0.0,,,,-0.001,-0.002,0.034,-0.026,0.022,1.246,0.086,0.25,0.079,3.0,0.5,0.0,471.5,0.5,,
79,-0.25,-0.25,0.0,0.0,,,,-0.0,-0.001,-0.273,0.061,0.021,1.408,0.039,0.505,0.071,3.0,0.5,0.0,469.0,0.5,,
80,-0.3,-0.3,0.0,0.0,,,,-0.001,-0.001,0.003,-0.005,0.04,1.045,0.011,0.733,0.137,3.0,0.0,0.0,442.0,0.5,,
81,-0.175,-0.175,0.0,0.0,,,,-0.0,-0.0,-0.0,-0.279,0.041,0.869,0.045,-0.516,0.122,2.5,0.0,0.5,386.5,0.5,,
82,-0.8,-0.3,0.0,0.0,,,,-0.002,-0.002,0.012,-0.021,0.012,1.088,0.11,0.269,0.1,3.0,0.0,0.0,499.0,0.5,,
83,-0.3,-0.3,0.0,0.0,,,,-0.001,-0.001,-0.005,-0.002,0.02,0.996,0.003,0.771,0.083,3.0,0.0,0.0,508.0,0.5,,
84,-0.3,-0.3,0.0,0.0,,,,-0.001,-0.001,-0.0,-0.004,0.03,1.088,0.004,0.73,0.074,3.0,0.0,0.0,512.0,1.0,,
85,-0.3,-0.3,0.0,0.0,,,,-0.001,-0.001,-0.018,0.006,0.047,0.9,0.002,0.826,0.11,3.0,0.0,0.0,417.0,0.5,,
86,-0.3,-0.3,0.0,0.0,,,,-0.001,-0.001,0.043,0.032,0.012,0.847,0.003,0.769,0.109,3.0,0.0,0.0,475.0,0.5,,
87,-0.3,-0.3,0.0,0.0,,,,-0.001,-0.001,-0.243,-0.019,0.033,0.935,0.012,0.831,0.14,3.0,0.0,0.0,472.0,0.5,,
88,-0.3,-0.3,0.0,0.0,,,,-0.001,-0.001,0.011,-0.003,0.038,1.108,0.013,0.863,0.171,3.0,0.0,0.0,496.0,0.5,,
89,-0.3,-0.3,0.0,0.0,,,,-0.001,-0.001,0.065,-0.004,0.028,0.862,0.005,0.836,0.111,3.0,0.0,0.0,491.0,0.5,,
90,-0.3,-0.3,0.0,0.0,,,,-0.001,-0.001,-0.035,0.006,0.049,1.219,0.004,0.853,0.128,3.0,0.0,0.0,502.0,0.5,,
91,-0.25,-0.25,0.0,0.0,,,,-0.0,-0.001,0.11,0.063,0.019,1.185,0.021,0.496,0.144,3.0,0.5,0.0,473.5,0.5,,
92,-0.3,-0.3,0.0,0.0,,,,-0.001,-0.001,0.064,0.0,0.064,0.838,0.011,0.831,0.174,3.0,0.0,0.0,421.5,0.5,,
93,-0.3,-0.3,0.0,0.0,,,,-0.001,-0.001,-0.279,-0.03,0.014,0.962,0.044,0.815,0.21,3.0,0.0,0.0,466.0,0.5,,
94,-0.3,-0.3,0.0,0.0,,,,-0.001,-0.001,-0.294,-0.013,0.036,0.894,0.056,0.83,0.277,3.0,0.0,0.0,447.5,0.5,,
95,-0.3,-0.3,0.0,0.0,,,,-0.001,-0.001,-0.01,0.01,0.017,0.636,0.02,0.856,0.227,3.0,0.0,0.0,407.5,0.5,,
96,-0.3,-0.3,0.0,0.0,,,,-0.001,-0.001,0.141,0.012,0.064,0.848,0.091,0.854,0.193,3.0,0.0,0.0,465.0,0.5,,
97,-0.3,-0.3,0.0,0.0,,,,-0.001,-0.001,0.711,-0.003,0.045,0.852,0.038,0.848,0.172,3.0,0.0,0.0,441.5,0.5,,
98,-0.9,-0.4,0.0,0.5,,,,-0.002,-0.002,0.041,0.095,0.002,0.786,0.142,0.111,0.263,3.0,0.0,0.0,410.5,0.5,,
99,-0.3,-0.3,0.0,0.0,,,,-0.001,-0.001,-0.351,-0.002,0.021,0.851,0.171,0.808,0.241,3.0,0.0,0.0,454.0,0.5,,
100,-0.25,-0.25,0.0,0.0,,,,-0.0,-0.001,-1.144,0.1,0.012,1.158,0.184,0.733,0.223,3.0,0.5,0.0,448.0,0.5,0.0,0.02
101,-0.3,-0.3,0.0,0.0,,,,-0.001,-0.001,-0.033,0.002,0.039,0.778,0.016,0.882,0.253,3.0,0.0,0.0,406.5,0.5,,
102,-0.3,-0.3,0.0,0.0,,,,-0.001,-0.001,0.412,-0.014,-0.0,1.104,0.052,0.86,0.159,3.0,0.0,0.0,474.0,0.5,,
103,-0.3,-0.3,0.0,0.0,,,,-0.001,-0.001,0.119,-0.006,0.002,0.641,0.014,0.874,0.315,3.0,0.0,0.0,370.5,0.5,,
104,-0.3,-0.3,0.0,0.0,,,,-0.001,-0.001,-0.107,0.007,0.027,0.697,0.046,0.846,0.161,3.0,0.0,0.0,498.0,0.5,,
105,-0.3,-0.3,0.0,0.0,,,,-0.001,-0.001,-0.204,0.022,0.038,0.828,0.049,0.848,0.302,3.0,0.0,0.0,448.5,0.5,,
106,-0.3,-0.3,0.0,0.0,,,,-0.001,-0.001,-0.011,-0.019,0.037,0.702,0.024,0.863,0.275,3.0,0.0,0.0,461.0,0.5,,
107,-0.3,-0.3,0.0,0.0,,,,-0.001,-0.001,0.118,0.005,0.084,0.617,0.095,0.894,0.338,3.0,0.0,0.0,381.5,0.5,,
108,-0.3,-0.3,0.0,0.0,,,,-0.001,-0.001,0.227,-0.009,0.036,1.007,0.05,0.9,0.353,3.0,0.0,0.0,446.0,0.5,,
109,-0.3,-0.3,0.0,0.0,,,,-0.001,-0.001,-0.059,-0.005,0.029,0.918,0.022,0.896,0.226,3.0,0.0,0.0,461.5,0.5,,
110,-0.3,-0.3,0.0,0.0,,,,-0.001,-0.001,-0.287,-0.056,-0.013,0.617,0.02,0.763,0.522,3.0,0.0,0.0,441.5,0.5,,
111,-0.3,-0.3,0.0,0.0,,,,-0.001,-0.001,0.098,-0.067,0.037,0.504,0.008,0.766,0.723,3.0,0.0,0.0,339.0,0.5,,
112,-0.3,-0.3,0.0,0.0,,,,-0.001,-0.001,0.323,-0.007,0.038,0.504,0.004,0.886,0.605,3.0,0.0,0.0,396.0,0.5,,
113,-0.3,-0.3,0.0,0.0,,,,-0.001,-0.001,-0.018,0.036,0.039,0.841,0.003,0.737,0.296,3.0,0.0,0.0,465.0,0.5,,
114,-0.3,-0.3,0.0,0.0,,,,-0.001,-0.001,0.166,-0.013,0.014,0.616,0.021,0.886,0.433,3.0,0.0,0.0,408.5,0.5,,
115,-0.3,-0.3,0.0,0.0,,,,-0.001,-0.001,0.333,-0.015,0.031,0.572,0.007,0.858,0.285,3.0,0.0,0.0,419.5,0.5,,
116,-0.3,-0.3,0.0,0.0,,,,-0.001,-0.001,-0.011,0.031,0.058,0.523,0.009,0.824,0.568,3.0,0.0,0.0,389.0,0.5,,
117,-0.3,-0.3,0.0,0.0,,,,-0.001,-0.001,-0.25,-0.008,0.037,0.672,0.012,0.916,0.494,3.0,0.0,0.0,409.5,0.5,,
118,-0.3,-0.3,0.0,0.0,,,,-0.001,-0.001,0.259,-0.155,0.049,0.56,0.006,0.823,0.258,3.0,0.0,0.0,367.5,0.5,,
119,-0.3,-0.3,0.0,0.0,,,,-0.001,-0.001,0.158,0.004,0.047,0.675,0.017,0.823,0.568,3.0,0.0,0.0,439.0,0.5,,
120,-0.3,-0.3,0.0,0.0,,,,-0.001,-0.001,-0.411,-0.024,0.012,0.481,0.046,0.757,0.545,3.0,0.0,0.0,399.5,0.5,,
121,-0.3,-0.3,0.0,0.0,,,,-0.001,-0.001,-0.241,0.035,0.042,0.932,0.047,0.777,0.398,3.0,0.0,0.0,414.0,0.5,,
122,-0.3,-0.3,0.0,0.0,,,,-0.001,-0.001,-0.062,0.011,0.169,0.79,0.02,0.889,0.401,3.0,0.0,0.0,436.0,0.5,,
123,-0.3,-0.3,0.0,0.0,,,,-0.001,-0.001,0.247,0.022,0.2,0.632,0.095,0.689,0.365,3.0,0.0,0.0,363.5,0.5,,
124,-0.3,-0.3,0.0,0.0,,,,-0.001,-0.001,0.798,0.082,0.155,0.674,0.051,0.859,0.466,3.0,0.0,0.0,356.0,0.5,,
125,-0.3,-0.3,0.0,0.0,,,,-0.001,-0.001,-0.03,0.048,0.023,0.839,0.012,0.9,0.258,3.0,0.0,0.0,497.0,0.5,,
126,-0.3,-0.3,0.0,0.0,,,,-0.001,-0.001,-0.365,0.003,0.001,0.815,0.013,0.865,0.595,3.0,0.0,0.0,409.5,0.5,,
127,-0.3,-0.3,0.0,0.0,,,,-0.001,-0.001,0.048,0.002,-0.025,0.765,0.01,0.879,0.235,3.0,0.0,0.0,499.0,0.5,,
128,-0.3,-0.3,0.0,0.0,,,,-0.001,-0.001,0.091,0.079,0.018,0.779,0.01,0.757,0.333,3.0,0.0,0.0,449.5,0.5,,
129,-0.3,-0.3,0.0,0.0,,,,-0.001,-0.001,-0.027,0.105,-0.056,0.703,0.003,0.854,0.478,3.0,0.0,0.0,438.0,0.5,,
130,-0.3,-0.3,0.0,0.0,,,,-0.001,-0.001,0.001,-0.027,-0.047,0.66,0.003,0.897,0.344,3.0,0.0,0.0,458.0,0.5,,
131,-0.3,-0.3,0.0,0.0,,,,-0.001,-0.001,0.01,0.01,-0.021,0.771,0.004,0.919,0.321,3.0,0.0,0.0,450.0,0.5,,
132,-0.3,-0.3,0.0,0.0,,,,-0.001,-0.001,-0.096,0.125,-0.041,0.722,0.01,0.791,0.504,3.0,0.0,0.0,405.5,0.5,,
133,-0.3,-0.3,0.0,0.0,,,,-0.001,-0.001,-0.074,0.042,0.006,0.781,0.002,0.834,0.324,3.0,0.0,0.0,472.0,0.5,,
134,-0.3,-0.3,0.0,0.0,,,,-0.001,-0.001,0.393,0.07,0.004,0.664,0.032,0.878,0.627,3.0,0.0,0.0,367.0,0.5,,
135,-0.3,-0.3,0.0,0.0,,,,-0.001,-0.001,0.095,0.019,0.015,0.426,0.009,0.672,0.294,3.0,0.0,0.0,365.5,0.5,,
136,-0.3,-0.3,0.0,0.0,,,,-0.001,-0.001,-0.124,0.02,0.02,0.738,0.024,0.884,0.435,3.0,0.0,0.0,441.5,0.5,,
137,-0.3,-0.3,0.0,0.0,,,,-0.001,-0.001,-0.111,-0.011,-0.002,1.035,0.029,0.872,0.421,3.0,0.0,0.0,423.0,0.5,,
138,-0.3,-0.3,0.0,0.0,,,,-0.001,-0.001,0.01,0.007,0.004,0.769,0.003,0.896,0.375,3.0,0.0,0.0,489.0,0.5,,
139,-0.3,-0.3,0.0,0.0,,,,-0.001,-0.001,-0.011,-0.006,0.019,0.822,0.007,0.856,0.288,3.0,0.0,0.0,431.0,0.5,,
140,-0.3,-0.3,0.0,0.0,,,,-0.001,-0.001,-0.047,0.023,0.014,0.652,0.004,0.836,0.456,3.0,0.0,0.0,406.0,0.5,,
141,-0.3,-0.3,0.0,0.0,,,,-0.001,-0.001,0.001,0.027,0.014,0.669,0.018,0.827,0.525,3.0,0.0,0.0,393.5,0.5,,
142,-0.3,-0.3,0.0,0.0,,,,-0.001,-0.001,0.172,-0.022,-0.011,0.645,0.019,0.821,0.434,3.0,0.0,0.0,415.5,0.5,,
143,-0.175,-0.175,0.0,0.0,,,,-0.0,-0.001,-0.394,-0.158,0.032,0.814,0.096,0.123,0.333,2.5,0.0,0.5,377.0,0.5,,
144,-0.3,-0.3,0.0,0.0,,,,-0.001,-0.001,-0.522,-0.046,-0.011,0.76,0.03,0.772,0.274,3.0,0.0,0.0,404.5,0.5,,
145,-0.3,-0.3,0.0,0.0,,,,-0.001,-0.001,0.009,0.006,0.001,0.834,0.009,0.776,0.335,3.0,0.0,0.0,477.5,0.5,,
146,-0.3,-0.3,0.0,0.0,,,,-0.001,-0.001,0.054,0.016,-0.02,0.811,0.003,0.762,0.442,3.0,0.0,0.0,443.5,0.5,,
147,-0.175,-0.175,0.0,0.0,,,,-0.0,-0.0,-0.436,-0.384,0.054,0.713,0.021,0.426,0.185,2.5,0.0,0.5,358.5,0.5,,
148,-0.3,-0.3,0.0,0.0,,,,-0.001,-0.001,0.491,-0.067,-0.017,0.825,0.041,0.87,0.343,3.0,0.0,0.0,445.0,0.5,,
149,-0.3,-0.3,0.0,0.0,,,,-0.001,-0.001,0.202,-0.019,0.014,0.593,0.022,0.852,0.247,3.0,0.0,0.0,485.0,0.5,,
